''''recordId,surveyId,district,enumeratorId,surveyDate,age,gender,education,employmentStatus,householdSize,weeklyHours,monthlyIncome,_plantedAnomaly,_plantedFlags
REC_00000,PLFS_2026,Salem,E101,2026-07-01,52,Female,Secondary,Employed,1,42,17850,False,
REC_00001,PLFS_2026,Salem,E107,2026-07-01,38,Male,Higher Secondary,Self-Employed,4,49,21844,False,
REC_00002,PLFS_2026,Salem,E107,2026-07-01,33,Male,Below Primary,Self-Employed,3,40,13890,False,
REC_00003,PLFS_2026,Madurai,E106,2026-07-01,30,Female,Below Primary,Self-Employed,5,45,10748,False,
REC_00004,PLFS_2026,Madurai,E108,2026-07-01,45,Female,Secondary,Employed,3,50,18765,False,
REC_00005,PLFS_2026,Salem,E106,2026-07-01,30,Female,Higher Secondary,Self-Employed,4,49,27093,False,
REC_00006,PLFS_2026,Madurai,E104,2026-07-01,49,Female,Below Primary,Self-Employed,4,35,17876,False,
REC_00007,PLFS_2026,Madurai,E101,2026-07-01,21,Female,Below Primary,Employed,5,48,9182,False,
REC_00008,PLFS_2026,Salem,E103,2026-07-01,36,Female,Higher Secondary,Employed,3,55,18861,False,
REC_00009,PLFS_2026,Trichy,E101,2026-07-01,34,Male,Graduate,Employed,1,58,22005,False,
REC_00010,PLFS_2026,Trichy,E101,2026-07-01,41,Male,Secondary,Self-Employed,3,44,20915,False,
REC_00011,PLFS_2026,Trichy,E102,2026-07-01,58,Male,Below Primary,Employed,4,91,56794,True,planted_combo_anomaly
REC_00012,PLFS_2026,Madurai,E101,2026-07-01,50,Female,Graduate,Self-Employed,3,53,34218,False,
REC_00013,PLFS_2026,Trichy,E108,2026-07-01,50,Female,Post Graduate,Employed,3,43,39819,False,
REC_00014,PLFS_2026,Coimbatore,E106,2026-07-01,21,Male,Secondary,Employed,6,44,19022,False,
REC_00015,PLFS_2026,Chennai,E103,2026-07-01,31,Female,Graduate,Employed,2,40,29227,False,
REC_00016,PLFS_2026,Chennai,E101,2026-07-01,46,Male,Post Graduate,Employed,4,47,35438,False,
REC_00017,PLFS_2026,Madurai,E101,2026-07-01,43,Female,Post Graduate,Employed,5,50,44152,False,
REC_00018,PLFS_2026,Coimbatore,E107,2026-07-01,41,Female,Secondary,Employed,2,36,19637,False,
REC_00019,PLFS_2026,Chennai,E101,2026-07-01,37,Female,Graduate,Employed,4,58,32065,False,
REC_00020,PLFS_2026,Trichy,E101,2026-07-01,53,Male,Higher Secondary,Unemployed,4,0,0,False,
REC_00021,PLFS_2026,Coimbatore,E102,2026-07-01,28,Male,Below Primary,Employed,6,51,51964,True,planted_income_spike
REC_00022,PLFS_2026,Chennai,E105,2026-07-01,52,Female,Graduate,Employed,1,49,20660,False,
REC_00023,PLFS_2026,Coimbatore,E103,2026-07-01,37,Male,Post Graduate,Employed,3,129,39734,True,planted_hours_spike
REC_00024,PLFS_2026,Trichy,E106,2026-07-01,54,Female,Post Graduate,Employed,3,50,39232,False,
REC_00025,PLFS_2026,Chennai,E104,2026-07-01,18,Male,Higher Secondary,Employed,2,43,26894,False,
REC_00026,PLFS_2026,Madurai,E107,2026-07-01,43,Female,Higher Secondary,Self-Employed,2,43,30878,False,
REC_00027,PLFS_2026,Coimbatore,E107,2026-07-01,39,Male,Post Graduate,Employed,3,48,199450,True,planted_income_spike
REC_00028,PLFS_2026,Coimbatore,E101,2026-07-01,32,Female,Graduate,Employed,4,116,32028,True,planted_hours_spike
REC_00029,PLFS_2026,Trichy,E101,2026-07-01,40,Male,Below Primary,Employed,4,38,10028,False,
REC_00030,PLFS_2026,Coimbatore,E108,2026-07-01,49,Male,Higher Secondary,Employed,3,47,20651,False,
REC_00031,PLFS_2026,Trichy,E102,2026-07-01,48,Female,Post Graduate,Employed,3,43,43973,False,
REC_00032,PLFS_2026,Madurai,E102,2026-07-01,52,Female,Post Graduate,Unemployed,3,0,209744,True,planted_income_spike
REC_00033,PLFS_2026,Salem,E108,2026-07-01,25,Female,Post Graduate,Employed,4,41,41298,False,
REC_00034,PLFS_2026,Coimbatore,E104,2026-07-01,37,Female,Below Primary,Self-Employed,4,130,14376,True,planted_hours_spike
REC_00035,PLFS_2026,Salem,E102,2026-07-01,24,Male,Secondary,Employed,2,47,23770,False,
REC_00036,PLFS_2026,Salem,E101,2026-07-01,33,Female,Secondary,Employed,4,53,20932,False,
REC_00037,PLFS_2026,Madurai,E106,2026-07-01,34,Male,Post Graduate,Unemployed,2,0,0,False,
REC_00038,PLFS_2026,Trichy,E105,2026-07-01,52,Male,Post Graduate,Employed,2,50,30778,False,
REC_00039,PLFS_2026,Chennai,E102,2026-07-01,39,Male,Graduate,Self-Employed,4,39,28954,False,
REC_00040,PLFS_2026,Madurai,E101,2026-07-01,33,Male,Post Graduate,Employed,4,46,38429,False,
REC_00041,PLFS_2026,Trichy,E103,2026-07-01,56,Female,Below Primary,Self-Employed,4,39,11793,False,
REC_00042,PLFS_2026,Chennai,E105,2026-07-01,37,Male,Secondary,Employed,4,65,19335,False,
REC_00043,PLFS_2026,Trichy,E108,2026-07-01,18,Male,Below Primary,Self-Employed,3,29,11208,False,
REC_00044,PLFS_2026,Chennai,E105,2026-07-01,18,Male,Below Primary,Self-Employed,2,32,12921,False,
REC_00045,PLFS_2026,Coimbatore,E105,2026-07-01,38,Male,Graduate,Self-Employed,4,128,20191,True,planted_hours_spike
REC_00046,PLFS_2026,Trichy,E104,2026-07-01,44,Female,Post Graduate,Employed,6,48,34762,False,
REC_00047,PLFS_2026,Chennai,E103,2026-07-01,20,Male,Higher Secondary,Employed,2,48,26721,False,
REC_00048,PLFS_2026,Coimbatore,E108,2026-07-01,41,Male,Secondary,Employed,5,50,19823,False,
REC_00049,PLFS_2026,Chennai,E105,2026-07-01,30,Male,Below Primary,Self-Employed,4,38,12041,False,
REC_00050,PLFS_2026,Trichy,E108,2026-07-01,41,Female,Secondary,Employed,6,34,19733,False,
REC_00051,PLFS_2026,Coimbatore,E103,2026-07-01,55,Female,Below Primary,Employed,4,51,13410,False,
REC_00052,PLFS_2026,Trichy,E106,2026-07-01,53,Male,Higher Secondary,Self-Employed,2,33,21972,False,
REC_00053,PLFS_2026,Chennai,E107,2026-07-01,18,Female,Below Primary,Employed,5,54,10959,False,
REC_00054,PLFS_2026,Trichy,E104,2026-07-01,33,Female,Post Graduate,Employed,3,45,38966,False,
REC_00055,PLFS_2026,Salem,E107,2026-07-01,44,Female,Post Graduate,Self-Employed,3,52,41389,False,
REC_00056,PLFS_2026,Coimbatore,E103,2026-07-01,30,Female,Higher Secondary,Self-Employed,5,119,21594,True,planted_hours_spike
REC_00057,PLFS_2026,Trichy,E104,2026-07-01,49,Female,Below Primary,Employed,3,47,13304,False,
REC_00058,PLFS_2026,Trichy,E105,2026-07-01,27,Female,Below Primary,Employed,3,43,10675,False,
REC_00059,PLFS_2026,Salem,E102,2026-07-01,65,Female,Post Graduate,Self-Employed,3,107,144903,True,planted_combo_anomaly
REC_00060,PLFS_2026,Trichy,E103,2026-07-01,24,Male,Higher Secondary,Employed,4,97,96654,True,planted_combo_anomaly
REC_00061,PLFS_2026,Trichy,E101,2026-07-01,56,Male,Higher Secondary,Employed,7,47,19082,False,
REC_00062,PLFS_2026,Madurai,E108,2026-07-01,43,Male,Graduate,Employed,3,52,20735,False,
REC_00063,PLFS_2026,Chennai,E102,2026-07-01,65,Male,Post Graduate,Self-Employed,5,111,132869,True,planted_combo_anomaly
REC_00064,PLFS_2026,Trichy,E103,2026-07-01,47,Male,Graduate,Employed,5,34,31992,False,
REC_00065,PLFS_2026,Madurai,E108,2026-07-01,18,Male,Higher Secondary,Employed,3,53,19573,False,
REC_00066,PLFS_2026,Madurai,E101,2026-07-01,19,Female,Post Graduate,Employed,4,40,42784,False,
REC_00067,PLFS_2026,Coimbatore,E106,2026-07-01,27,Male,Higher Secondary,Self-Employed,2,28,22747,False,
REC_00068,PLFS_2026,Salem,E105,2026-07-01,36,Female,Below Primary,Unemployed,2,0,0,False,
REC_00069,PLFS_2026,Coimbatore,E106,2026-07-01,35,Female,Higher Secondary,Employed,4,47,16700,False,
REC_00070,PLFS_2026,Trichy,E107,2026-07-01,62,Male,Graduate,Self-Employed,3,50,32307,False,
REC_00071,PLFS_2026,Coimbatore,E102,2026-07-01,36,Male,Post Graduate,Employed,4,102,114216,True,planted_combo_anomaly
REC_00072,PLFS_2026,Coimbatore,E103,2026-07-01,34,Female,Graduate,Employed,3,41,153109,True,planted_income_spike
REC_00073,PLFS_2026,Salem,E103,2026-07-01,51,Female,Higher Secondary,Employed,6,52,27590,False,
REC_00074,PLFS_2026,Trichy,E104,2026-07-01,33,Female,Post Graduate,Employed,3,38,42894,False,
REC_00075,PLFS_2026,Salem,E107,2026-07-01,40,Male,Higher Secondary,Employed,3,55,23781,False,
REC_00076,PLFS_2026,Salem,E106,2026-07-01,27,Male,Below Primary,Employed,3,50,14500,False,
REC_00077,PLFS_2026,Madurai,E103,2026-07-01,44,Female,Higher Secondary,Employed,6,97,23940,True,planted_hours_spike
REC_00078,PLFS_2026,Salem,E102,2026-07-01,27,Male,Secondary,Self-Employed,2,107,81097,True,planted_combo_anomaly
REC_00079,PLFS_2026,Coimbatore,E104,2026-07-01,59,Male,Below Primary,Employed,4,54,11411,False,
REC_00080,PLFS_2026,Salem,E106,2026-07-01,45,Male,Graduate,Employed,5,29,25684,False,
REC_00081,PLFS_2026,Chennai,E101,2026-07-01,49,Female,Secondary,Employed,4,35,9251,False,
REC_00082,PLFS_2026,Trichy,E105,2026-07-01,33,Female,Graduate,Self-Employed,3,37,28801,False,
REC_00083,PLFS_2026,Salem,E107,2026-07-01,44,Female,Below Primary,Employed,4,26,8845,False,
REC_00084,PLFS_2026,Coimbatore,E105,2026-07-01,34,Female,Higher Secondary,Employed,4,48,24076,False,
REC_00085,PLFS_2026,Salem,E108,2026-07-01,33,Female,Post Graduate,Self-Employed,3,39,43838,False,
REC_00086,PLFS_2026,Trichy,E108,2026-07-01,26,Female,Higher Secondary,Self-Employed,5,46,21801,False,
REC_00087,PLFS_2026,Madurai,E101,2026-07-01,30,Male,Higher Secondary,Employed,2,39,20547,False,
REC_00088,PLFS_2026,Coimbatore,E107,2026-07-01,18,Male,Graduate,Employed,3,52,31176,False,
REC_00089,PLFS_2026,Salem,E101,2026-07-01,32,Female,Post Graduate,Unemployed,4,0,0,False,
REC_00090,PLFS_2026,Madurai,E101,2026-07-01,56,Female,Secondary,Self-Employed,5,49,70870,True,planted_income_spike
REC_00091,PLFS_2026,Salem,E103,2026-07-01,46,Female,Graduate,Self-Employed,1,42,31268,False,
REC_00092,PLFS_2026,Coimbatore,E108,2026-07-01,46,Female,Post Graduate,Employed,4,47,142847,True,planted_income_spike
REC_00093,PLFS_2026,Madurai,E105,2026-07-01,44,Male,Below Primary,Employed,2,38,12148,False,
REC_00094,PLFS_2026,Trichy,E105,2026-07-01,40,Female,Below Primary,Employed,1,48,13854,False,
REC_00095,PLFS_2026,Trichy,E101,2026-07-01,37,Female,Graduate,Unemployed,7,0,0,False,
REC_00096,PLFS_2026,Trichy,E103,2026-07-01,33,Male,Secondary,Employed,3,42,12935,False,
REC_00097,PLFS_2026,Salem,E108,2026-07-01,31,Male,Higher Secondary,Employed,3,54,31689,False,
REC_00098,PLFS_2026,Coimbatore,E105,2026-07-01,54,Female,Below Primary,Employed,2,39,11617,False,
REC_00099,PLFS_2026,Chennai,E103,2026-07-01,59,Female,Secondary,Unemployed,3,116,0,True,planted_hours_spike
REC_00100,PLFS_2026,Madurai,E107,2026-07-01,47,Female,Post Graduate,Employed,4,43,43193,False,
REC_00101,PLFS_2026,Trichy,E106,2026-07-01,18,Male,Higher Secondary,Self-Employed,4,51,18335,False,
REC_00102,PLFS_2026,Trichy,E103,2026-07-01,27,Male,Post Graduate,Unemployed,1,0,0,False,
REC_00103,PLFS_2026,Madurai,E106,2026-07-01,40,Female,Higher Secondary,Employed,4,57,21322,False,
REC_00104,PLFS_2026,Coimbatore,E105,2026-07-01,31,Female,Higher Secondary,Unemployed,4,0,0,False,
REC_00105,PLFS_2026,Madurai,E102,2026-07-01,26,Male,Graduate,Employed,1,35,32840,False,
REC_00106,PLFS_2026,Trichy,E108,2026-07-01,34,Male,Graduate,Employed,3,39,28476,False,
REC_00107,PLFS_2026,Coimbatore,E104,2026-07-01,35,Male,Graduate,Employed,3,55,36612,False,
REC_00108,PLFS_2026,Madurai,E107,2026-07-01,18,Male,Graduate,Employed,4,38,26609,False,
REC_00109,PLFS_2026,Chennai,E101,2026-07-01,41,Male,Post Graduate,Self-Employed,3,46,43114,False,
REC_00110,PLFS_2026,Madurai,E101,2026-07-01,41,Male,Below Primary,Employed,3,39,8544,False,
REC_00111,PLFS_2026,Madurai,E106,2026-07-01,27,Male,Higher Secondary,Unemployed,6,0,0,False,
REC_00112,PLFS_2026,Madurai,E106,2026-07-01,41,Female,Below Primary,Employed,3,43,15381,False,
REC_00113,PLFS_2026,Chennai,E102,2026-07-01,44,Female,Post Graduate,Employed,3,41,34180,False,
REC_00114,PLFS_2026,Chennai,E107,2026-07-01,48,Male,Higher Secondary,Employed,3,30,21787,False,
REC_00115,PLFS_2026,Salem,E105,2026-07-01,19,Male,Post Graduate,Employed,6,37,36769,False,
REC_00116,PLFS_2026,Trichy,E106,2026-07-01,41,Female,Post Graduate,Unemployed,3,0,0,False,
REC_00117,PLFS_2026,Coimbatore,E102,2026-07-01,56,Female,Secondary,Unemployed,4,0,69618,True,planted_income_spike
REC_00118,PLFS_2026,Coimbatore,E105,2026-07-01,41,Female,Post Graduate,Employed,4,47,48459,False,
REC_00119,PLFS_2026,Madurai,E101,2026-07-01,35,Female,Graduate,Employed,3,49,18042,False,
REC_00120,PLFS_2026,Madurai,E108,2026-07-01,35,Female,Secondary,Employed,3,37,21805,False,
REC_00121,PLFS_2026,Madurai,E101,2026-07-01,25,Female,Higher Secondary,Employed,3,47,27955,False,
REC_00122,PLFS_2026,Madurai,E104,2026-07-01,37,Male,Post Graduate,Employed,5,50,38938,False,
REC_00123,PLFS_2026,Trichy,E104,2026-07-01,24,Male,Secondary,Self-Employed,2,45,16046,False,
REC_00124,PLFS_2026,Trichy,E108,2026-07-01,49,Male,Post Graduate,Employed,4,43,182122,True,planted_income_spike
REC_00125,PLFS_2026,Trichy,E101,2026-07-01,44,Male,Secondary,Employed,2,38,14474,False,
REC_00126,PLFS_2026,Chennai,E102,2026-07-01,36,Male,Below Primary,Employed,5,103,45262,True,planted_combo_anomaly
REC_00127,PLFS_2026,Coimbatore,E102,2026-07-01,19,Female,Graduate,Employed,4,99,88682,True,planted_combo_anomaly
REC_00128,PLFS_2026,Madurai,E106,2026-07-01,33,Male,Higher Secondary,Employed,5,43,21740,False,
REC_00129,PLFS_2026,Madurai,E105,2026-07-01,43,Male,Below Primary,Employed,6,52,11787,False,
REC_00130,PLFS_2026,Chennai,E108,2026-07-01,38,Male,Secondary,Employed,3,37,16010,False,
REC_00131,PLFS_2026,Coimbatore,E106,2026-07-01,28,Male,Below Primary,Employed,4,36,15199,False,
REC_00132,PLFS_2026,Chennai,E108,2026-07-01,47,Female,Secondary,Employed,4,45,15993,False,
REC_00133,PLFS_2026,Salem,E106,2026-07-01,41,Female,Graduate,Self-Employed,5,39,19413,False,
REC_00134,PLFS_2026,Salem,E101,2026-07-01,46,Male,Graduate,Employed,4,36,23893,False,
REC_00135,PLFS_2026,Coimbatore,E107,2026-07-01,27,Female,Higher Secondary,Employed,3,42,115992,True,planted_income_spike
REC_00136,PLFS_2026,Madurai,E105,2026-07-01,30,Female,Post Graduate,Employed,3,112,39274,True,planted_hours_spike
REC_00137,PLFS_2026,Trichy,E108,2026-07-01,34,Male,Higher Secondary,Self-Employed,5,49,100644,True,planted_income_spike
REC_00138,PLFS_2026,Trichy,E104,2026-07-01,44,Male,Graduate,Employed,4,41,19626,False,
REC_00139,PLFS_2026,Trichy,E107,2026-07-01,38,Female,Below Primary,Employed,3,36,8517,False,
REC_00140,PLFS_2026,Trichy,E107,2026-07-01,36,Male,Graduate,Employed,3,41,27532,False,
REC_00141,PLFS_2026,Coimbatore,E102,2026-07-01,24,Male,Higher Secondary,Employed,3,49,20460,False,
REC_00142,PLFS_2026,Chennai,E108,2026-07-01,18,Male,Post Graduate,Employed,3,36,40030,False,
REC_00143,PLFS_2026,Chennai,E102,2026-07-01,41,Female,Graduate,Self-Employed,1,51,21771,False,
REC_00144,PLFS_2026,Trichy,E103,2026-07-01,56,Female,Below Primary,Employed,3,35,9259,False,
REC_00145,PLFS_2026,Chennai,E106,2026-07-01,42,Male,Graduate,Employed,3,44,37031,False,
REC_00146,PLFS_2026,Trichy,E106,2026-07-01,29,Male,Graduate,Employed,4,56,29514,False,
REC_00147,PLFS_2026,Salem,E102,2026-07-01,18,Female,Graduate,Unemployed,4,0,104760,True,planted_income_spike
REC_00148,PLFS_2026,Trichy,E103,2026-07-01,28,Female,Secondary,Employed,7,56,15132,False,
REC_00149,PLFS_2026,Madurai,E103,2026-07-01,38,Female,Higher Secondary,Employed,4,51,23946,False,
REC_00150,PLFS_2026,Chennai,E108,2026-07-01,53,Female,Higher Secondary,Employed,3,42,82787,True,planted_income_spike
REC_00151,PLFS_2026,Trichy,E106,2026-07-01,48,Female,Graduate,Self-Employed,4,47,32453,False,
REC_00152,PLFS_2026,Chennai,E106,2026-07-01,18,Male,Below Primary,Self-Employed,4,46,16005,False,
REC_00153,PLFS_2026,Madurai,E103,2026-07-01,19,Female,Graduate,Self-Employed,6,45,30738,False,
REC_00154,PLFS_2026,Trichy,E101,2026-07-01,58,Male,Below Primary,Unemployed,4,0,0,False,
REC_00155,PLFS_2026,Madurai,E106,2026-07-01,32,Male,Graduate,Employed,3,39,27750,False,
REC_00156,PLFS_2026,Madurai,E105,2026-07-01,18,Female,Secondary,Employed,4,44,16789,False,
REC_00157,PLFS_2026,Trichy,E106,2026-07-01,40,Female,Below Primary,Employed,2,60,11753,False,
REC_00158,PLFS_2026,Coimbatore,E103,2026-07-01,36,Female,Secondary,Employed,2,45,22993,False,
REC_00159,PLFS_2026,Coimbatore,E102,2026-07-01,50,Female,Below Primary,Employed,5,49,11139,False,
REC_00160,PLFS_2026,Chennai,E106,2026-07-01,20,Male,Below Primary,Employed,3,43,14517,False,
REC_00161,PLFS_2026,Salem,E101,2026-07-01,41,Female,Below Primary,Self-Employed,6,54,10904,False,
REC_00162,PLFS_2026,Chennai,E106,2026-07-01,18,Male,Below Primary,Unemployed,5,0,0,False,
REC_00163,PLFS_2026,Madurai,E108,2026-07-01,56,Male,Secondary,Employed,4,99,23813,True,planted_hours_spike
REC_00164,PLFS_2026,Coimbatore,E106,2026-07-01,54,Female,Higher Secondary,Self-Employed,4,106,69811,True,planted_combo_anomaly
REC_00165,PLFS_2026,Trichy,E105,2026-07-01,33,Female,Higher Secondary,Employed,3,37,20534,False,
REC_00166,PLFS_2026,Madurai,E108,2026-07-01,33,Male,Graduate,Employed,3,46,26185,False,
REC_00167,PLFS_2026,Trichy,E105,2026-07-01,44,Female,Below Primary,Employed,1,44,12315,False,
REC_00168,PLFS_2026,Chennai,E103,2026-07-01,34,Male,Higher Secondary,Self-Employed,3,32,23568,False,
REC_00169,PLFS_2026,Chennai,E104,2026-07-01,45,Male,Below Primary,Employed,4,53,12483,False,
REC_00170,PLFS_2026,Chennai,E103,2026-07-01,43,Female,Secondary,Unemployed,4,0,0,False,
REC_00171,PLFS_2026,Chennai,E108,2026-07-01,27,Male,Higher Secondary,Employed,6,25,21383,False,
REC_00172,PLFS_2026,Trichy,E104,2026-07-01,52,Male,Graduate,Employed,3,41,28724,False,
REC_00173,PLFS_2026,Coimbatore,E105,2026-07-01,33,Female,Graduate,Employed,4,39,34208,False,
REC_00174,PLFS_2026,Trichy,E104,2026-07-01,55,Female,Higher Secondary,Self-Employed,3,33,19695,False,
REC_00175,PLFS_2026,Trichy,E104,2026-07-01,35,Male,Higher Secondary,Self-Employed,4,36,18615,False,
REC_00176,PLFS_2026,Coimbatore,E105,2026-07-01,44,Male,Higher Secondary,Employed,5,123,16133,True,planted_hours_spike
REC_00177,PLFS_2026,Salem,E101,2026-07-01,65,Female,Post Graduate,Employed,5,42,44604,False,
REC_00178,PLFS_2026,Chennai,E106,2026-07-01,36,Male,Secondary,Employed,5,46,18328,False,
REC_00179,PLFS_2026,Chennai,E101,2026-07-01,36,Female,Higher Secondary,Employed,2,60,17857,False,
REC_00180,PLFS_2026,Coimbatore,E105,2026-07-01,21,Male,Secondary,Employed,3,37,17813,False,
REC_00181,PLFS_2026,Chennai,E102,2026-07-01,46,Female,Below Primary,Unemployed,5,0,0,False,
REC_00182,PLFS_2026,Chennai,E103,2026-07-01,38,Female,Graduate,Unemployed,4,0,0,False,
REC_00183,PLFS_2026,Chennai,E103,2026-07-01,20,Male,Graduate,Unemployed,6,0,0,False,
REC_00184,PLFS_2026,Salem,E104,2026-07-01,28,Female,Below Primary,Unemployed,3,0,0,False,
REC_00185,PLFS_2026,Chennai,E102,2026-07-01,19,Female,Post Graduate,Employed,5,54,134004,True,planted_income_spike
REC_00186,PLFS_2026,Coimbatore,E101,2026-07-01,41,Male,Secondary,Self-Employed,3,111,15133,True,planted_hours_spike
REC_00187,PLFS_2026,Coimbatore,E106,2026-07-01,39,Female,Below Primary,Self-Employed,3,94,40590,True,planted_combo_anomaly
REC_00188,PLFS_2026,Coimbatore,E101,2026-07-01,23,Female,Below Primary,Self-Employed,4,31,11042,False,
REC_00189,PLFS_2026,Chennai,E101,2026-07-01,43,Female,Higher Secondary,Self-Employed,2,99,75514,True,planted_combo_anomaly
REC_00190,PLFS_2026,Chennai,E104,2026-07-01,51,Male,Below Primary,Employed,5,40,12184,False,
REC_00191,PLFS_2026,Madurai,E101,2026-07-01,40,Female,Below Primary,Employed,4,45,12456,False,
REC_00192,PLFS_2026,Salem,E102,2026-07-01,35,Male,Secondary,Self-Employed,4,106,20325,True,planted_hours_spike
REC_00193,PLFS_2026,Trichy,E106,2026-07-01,46,Male,Higher Secondary,Unemployed,4,0,0,False,
REC_00194,PLFS_2026,Salem,E103,2026-07-01,24,Female,Below Primary,Employed,5,126,11790,True,planted_hours_spike
REC_00195,PLFS_2026,Trichy,E101,2026-07-01,51,Female,Post Graduate,Employed,2,48,32826,False,
REC_00196,PLFS_2026,Trichy,E101,2026-07-01,33,Female,Graduate,Employed,5,46,16607,False,
REC_00197,PLFS_2026,Chennai,E104,2026-07-01,26,Female,Secondary,Unemployed,5,0,0,False,
REC_00198,PLFS_2026,Madurai,E104,2026-07-01,58,Female,Higher Secondary,Employed,3,65,22107,False,
REC_00199,PLFS_2026,Salem,E104,2026-07-01,26,Female,Graduate,Employed,3,26,121392,True,planted_income_spike
REC_00200,PLFS_2026,Chennai,E104,2026-07-01,57,Female,Below Primary,Employed,2,43,12229,False,
REC_00201,PLFS_2026,Madurai,E107,2026-07-01,26,Male,Graduate,Employed,1,43,26201,False,
REC_00202,PLFS_2026,Chennai,E108,2026-07-01,33,Male,Post Graduate,Employed,4,56,35696,False,
REC_00203,PLFS_2026,Madurai,E103,2026-07-01,40,Male,Higher Secondary,Employed,4,49,19296,False,
REC_00204,PLFS_2026,Chennai,E102,2026-07-01,39,Male,Graduate,Self-Employed,4,35,122931,True,planted_income_spike
REC_00205,PLFS_2026,Chennai,E107,2026-07-01,55,Male,Below Primary,Employed,3,46,13541,False,
REC_00206,PLFS_2026,Chennai,E102,2026-07-01,31,Male,Post Graduate,Self-Employed,4,46,26843,False,
REC_00207,PLFS_2026,Salem,E106,2026-07-01,43,Female,Higher Secondary,Self-Employed,2,52,19046,False,
REC_00208,PLFS_2026,Trichy,E108,2026-07-01,36,Male,Below Primary,Employed,5,48,9409,False,
REC_00209,PLFS_2026,Trichy,E107,2026-07-01,25,Female,Below Primary,Employed,3,48,12859,False,
REC_00210,PLFS_2026,Madurai,E107,2026-07-01,27,Male,Below Primary,Self-Employed,2,47,11563,False,
REC_00211,PLFS_2026,Madurai,E108,2026-07-01,63,Male,Below Primary,Employed,4,59,9191,False,
REC_00212,PLFS_2026,Coimbatore,E101,2026-07-01,19,Female,Below Primary,Employed,2,105,16214,True,planted_hours_spike
REC_00213,PLFS_2026,Madurai,E101,2026-07-01,28,Female,Secondary,Employed,3,35,11478,False,
REC_00214,PLFS_2026,Trichy,E103,2026-07-01,46,Male,Post Graduate,Employed,4,45,27359,False,
REC_00215,PLFS_2026,Coimbatore,E101,2026-07-01,57,Female,Below Primary,Self-Employed,3,49,8509,False,
REC_00216,PLFS_2026,Trichy,E107,2026-07-01,35,Female,Higher Secondary,Employed,4,47,22680,False,
REC_00217,PLFS_2026,Chennai,E106,2026-07-01,43,Female,Graduate,Employed,2,46,28637,False,
REC_00218,PLFS_2026,Chennai,E107,2026-07-01,40,Male,Below Primary,Self-Employed,4,34,8837,False,
REC_00219,PLFS_2026,Salem,E104,2026-07-01,18,Male,Below Primary,Employed,5,51,14024,False,
REC_00220,PLFS_2026,Coimbatore,E103,2026-07-01,41,Male,Post Graduate,Employed,1,36,39295,False,
REC_00221,PLFS_2026,Salem,E101,2026-07-01,39,Male,Secondary,Unemployed,3,0,0,False,
REC_00222,PLFS_2026,Coimbatore,E103,2026-07-01,39,Male,Post Graduate,Employed,3,52,192400,True,planted_income_spike
REC_00223,PLFS_2026,Madurai,E103,2026-07-01,22,Male,Below Primary,Employed,2,42,14385,False,
REC_00224,PLFS_2026,Salem,E105,2026-07-01,37,Female,Secondary,Unemployed,3,0,0,False,
REC_00225,PLFS_2026,Trichy,E102,2026-07-01,30,Female,Post Graduate,Unemployed,3,0,0,False,
REC_00226,PLFS_2026,Madurai,E101,2026-07-01,18,Male,Secondary,Employed,1,44,13634,False,
REC_00227,PLFS_2026,Madurai,E101,2026-07-01,45,Male,Secondary,Self-Employed,4,46,15455,False,
REC_00228,PLFS_2026,Madurai,E108,2026-07-01,58,Male,Below Primary,Employed,7,42,12847,False,
REC_00229,PLFS_2026,Madurai,E101,2026-07-01,39,Male,Post Graduate,Employed,3,38,29754,False,
REC_00230,PLFS_2026,Salem,E101,2026-07-01,24,Female,Secondary,Employed,4,40,8718,False,
REC_00231,PLFS_2026,Chennai,E106,2026-07-01,43,Male,Graduate,Employed,3,55,30089,False,
REC_00232,PLFS_2026,Salem,E107,2026-07-01,20,Male,Post Graduate,Employed,1,39,33249,False,
REC_00233,PLFS_2026,Madurai,E102,2026-07-01,49,Male,Graduate,Unemployed,3,0,0,False,
REC_00234,PLFS_2026,Chennai,E108,2026-07-01,49,Male,Secondary,Employed,4,28,22761,False,
REC_00235,PLFS_2026,Trichy,E104,2026-07-01,39,Male,Higher Secondary,Employed,4,38,27611,False,
REC_00236,PLFS_2026,Trichy,E105,2026-07-01,23,Female,Graduate,Employed,5,51,22544,False,
REC_00237,PLFS_2026,Trichy,E102,2026-07-01,61,Male,Graduate,Employed,4,102,87129,True,planted_combo_anomaly
REC_00238,PLFS_2026,Trichy,E106,2026-07-01,63,Female,Graduate,Employed,2,53,22429,False,
REC_00239,PLFS_2026,Chennai,E107,2026-07-01,30,Female,Secondary,Employed,5,53,13423,False,
REC_00240,PLFS_2026,Trichy,E107,2026-07-01,51,Male,Higher Secondary,Employed,5,37,29034,False,
REC_00241,PLFS_2026,Salem,E105,2026-07-01,20,Female,Graduate,Employed,3,48,23220,False,
REC_00242,PLFS_2026,Madurai,E105,2026-07-01,41,Male,Secondary,Employed,4,43,20996,False,
REC_00243,PLFS_2026,Salem,E101,2026-07-01,35,Female,Secondary,Employed,4,54,20846,False,
REC_00244,PLFS_2026,Madurai,E103,2026-07-01,47,Female,Below Primary,Employed,2,49,9891,False,
REC_00245,PLFS_2026,Madurai,E105,2026-07-01,22,Female,Secondary,Self-Employed,3,37,20846,False,
REC_00246,PLFS_2026,Salem,E106,2026-07-01,47,Male,Below Primary,Unemployed,1,0,0,False,
REC_00247,PLFS_2026,Trichy,E101,2026-07-01,32,Female,Post Graduate,Self-Employed,4,43,33517,False,
REC_00248,PLFS_2026,Trichy,E102,2026-07-01,53,Male,Secondary,Unemployed,1,0,0,False,
REC_00249,PLFS_2026,Chennai,E107,2026-07-01,37,Male,Post Graduate,Employed,3,57,28644,False,
REC_00250,PLFS_2026,Madurai,E103,2026-07-01,38,Female,Graduate,Self-Employed,4,32,22848,False,
REC_00251,PLFS_2026,Madurai,E106,2026-07-01,36,Female,Post Graduate,Employed,2,38,35341,False,
REC_00252,PLFS_2026,Madurai,E105,2026-07-01,45,Male,Secondary,Employed,3,53,14408,False,
REC_00253,PLFS_2026,Salem,E108,2026-07-01,22,Female,Higher Secondary,Employed,6,39,16231,False,
REC_00254,PLFS_2026,Coimbatore,E107,2026-07-01,18,Female,Graduate,Employed,5,42,26579,False,
REC_00255,PLFS_2026,Coimbatore,E107,2026-07-01,36,Female,Higher Secondary,Self-Employed,5,43,32313,False,
REC_00256,PLFS_2026,Salem,E104,2026-07-01,39,Female,Higher Secondary,Employed,5,51,21839,False,
REC_00257,PLFS_2026,Trichy,E107,2026-07-01,30,Male,Graduate,Employed,4,49,24793,False,
REC_00258,PLFS_2026,Salem,E103,2026-07-01,39,Female,Higher Secondary,Employed,5,61,25759,False,
REC_00259,PLFS_2026,Trichy,E101,2026-07-01,60,Female,Post Graduate,Employed,3,50,48172,False,
REC_00260,PLFS_2026,Salem,E103,2026-07-01,27,Male,Higher Secondary,Self-Employed,3,58,17709,False,
REC_00261,PLFS_2026,Salem,E107,2026-07-01,21,Female,Secondary,Employed,5,54,19555,False,
REC_00262,PLFS_2026,Madurai,E101,2026-07-01,37,Female,Secondary,Employed,3,47,23687,False,
REC_00263,PLFS_2026,Trichy,E102,2026-07-01,40,Female,Below Primary,Self-Employed,6,37,11952,False,
REC_00264,PLFS_2026,Salem,E104,2026-07-01,33,Male,Graduate,Self-Employed,2,43,30337,False,
REC_00265,PLFS_2026,Salem,E106,2026-07-01,44,Male,Below Primary,Employed,6,48,14760,False,
REC_00266,PLFS_2026,Coimbatore,E104,2026-07-01,38,Male,Below Primary,Employed,6,64,13274,False,
REC_00267,PLFS_2026,Chennai,E108,2026-07-01,26,Female,Secondary,Employed,3,47,19643,False,
REC_00268,PLFS_2026,Chennai,E102,2026-07-01,46,Male,Post Graduate,Employed,4,45,33164,False,
REC_00269,PLFS_2026,Madurai,E104,2026-07-01,42,Female,Secondary,Employed,6,53,19924,False,
REC_00270,PLFS_2026,Trichy,E108,2026-07-01,50,Female,Below Primary,Employed,3,40,10205,False,
REC_00271,PLFS_2026,Madurai,E103,2026-07-01,36,Male,Post Graduate,Employed,3,54,34387,False,
REC_00272,PLFS_2026,Salem,E103,2026-07-01,28,Female,Graduate,Employed,6,41,28859,False,
REC_00273,PLFS_2026,Trichy,E107,2026-07-01,43,Female,Graduate,Employed,2,54,31567,False,
REC_00274,PLFS_2026,Coimbatore,E101,2026-07-01,56,Male,Higher Secondary,Self-Employed,3,45,22173,False,
REC_00275,PLFS_2026,Coimbatore,E102,2026-07-01,41,Male,Below Primary,Employed,2,45,56515,True,planted_income_spike
REC_00276,PLFS_2026,Madurai,E103,2026-07-01,42,Male,Higher Secondary,Employed,1,30,25601,False,
REC_00277,PLFS_2026,Madurai,E102,2026-07-01,31,Male,Post Graduate,Unemployed,2,0,0,False,
REC_00278,PLFS_2026,Chennai,E104,2026-07-01,48,Male,Graduate,Self-Employed,3,66,24614,False,
REC_00279,PLFS_2026,Chennai,E104,2026-07-01,58,Female,Post Graduate,Employed,3,31,41669,False,
REC_00280,PLFS_2026,Madurai,E107,2026-07-01,41,Male,Post Graduate,Unemployed,2,0,0,False,
REC_00281,PLFS_2026,Trichy,E108,2026-07-01,42,Female,Secondary,Unemployed,1,0,0,False,
REC_00282,PLFS_2026,Trichy,E106,2026-07-01,22,Male,Secondary,Employed,5,44,22378,False,
REC_00283,PLFS_2026,Madurai,E108,2026-07-01,43,Male,Post Graduate,Unemployed,3,0,0,False,
REC_00284,PLFS_2026,Madurai,E101,2026-07-01,33,Female,Secondary,Self-Employed,2,49,17479,False,
REC_00285,PLFS_2026,Madurai,E103,2026-07-01,38,Female,Below Primary,Employed,5,44,12036,False,
REC_00286,PLFS_2026,Chennai,E108,2026-07-01,30,Male,Post Graduate,Self-Employed,4,47,44845,False,
REC_00287,PLFS_2026,Chennai,E103,2026-07-01,31,Female,Below Primary,Self-Employed,3,51,12605,False,
REC_00288,PLFS_2026,Madurai,E104,2026-07-01,27,Male,Below Primary,Employed,5,31,13882,False,
REC_00289,PLFS_2026,Madurai,E107,2026-07-01,22,Male,Post Graduate,Unemployed,6,0,0,False,
REC_00290,PLFS_2026,Madurai,E102,2026-07-01,37,Female,Higher Secondary,Employed,3,46,24780,False,
REC_00291,PLFS_2026,Salem,E107,2026-07-01,27,Female,Graduate,Self-Employed,2,50,18438,False,
REC_00292,PLFS_2026,Madurai,E103,2026-07-01,30,Male,Secondary,Employed,7,37,22132,False,
REC_00293,PLFS_2026,Madurai,E101,2026-07-01,30,Female,Higher Secondary,Self-Employed,4,50,26967,False,
REC_00294,PLFS_2026,Salem,E103,2026-07-01,35,Male,Secondary,Unemployed,6,0,0,False,
REC_00295,PLFS_2026,Salem,E107,2026-07-01,40,Male,Post Graduate,Self-Employed,2,108,39227,True,planted_hours_spike
REC_00296,PLFS_2026,Salem,E101,2026-07-01,32,Male,Graduate,Self-Employed,7,38,34604,False,
REC_00297,PLFS_2026,Madurai,E102,2026-07-01,48,Male,Higher Secondary,Employed,3,112,18619,True,planted_hours_spike
REC_00298,PLFS_2026,Chennai,E104,2026-07-01,31,Female,Secondary,Self-Employed,1,102,12663,True,planted_hours_spike
REC_00299,PLFS_2026,Trichy,E106,2026-07-01,54,Male,Secondary,Self-Employed,4,51,20119,False,
REC_00300,PLFS_2026,Madurai,E107,2026-07-01,40,Female,Graduate,Employed,5,40,28597,False,
REC_00301,PLFS_2026,Coimbatore,E106,2026-07-01,46,Female,Graduate,Employed,2,69,28159,False,
REC_00302,PLFS_2026,Salem,E105,2026-07-01,39,Male,Below Primary,Employed,5,52,12091,False,
REC_00303,PLFS_2026,Coimbatore,E105,2026-07-01,39,Female,Higher Secondary,Employed,2,40,24275,False,
REC_00304,PLFS_2026,Chennai,E102,2026-07-01,43,Male,Post Graduate,Employed,5,44,27456,False,
REC_00305,PLFS_2026,Trichy,E108,2026-07-01,50,Male,Below Primary,Employed,5,52,11607,False,
REC_00306,PLFS_2026,Chennai,E103,2026-07-01,50,Male,Graduate,Self-Employed,8,109,84834,True,planted_combo_anomaly
REC_00307,PLFS_2026,Coimbatore,E102,2026-07-01,30,Male,Secondary,Employed,4,109,69479,True,planted_combo_anomaly
REC_00308,PLFS_2026,Coimbatore,E108,2026-07-01,42,Female,Below Primary,Employed,5,55,14075,False,
REC_00309,PLFS_2026,Trichy,E108,2026-07-01,18,Male,Graduate,Employed,5,50,29433,False,
REC_00310,PLFS_2026,Coimbatore,E104,2026-07-01,18,Male,Secondary,Employed,2,35,10745,False,
REC_00311,PLFS_2026,Coimbatore,E101,2026-07-01,37,Female,Post Graduate,Employed,2,66,36717,False,
REC_00312,PLFS_2026,Madurai,E104,2026-07-01,53,Female,Secondary,Employed,1,40,18348,False,
REC_00313,PLFS_2026,Chennai,E107,2026-07-01,27,Male,Below Primary,Self-Employed,3,43,11438,False,
REC_00314,PLFS_2026,Trichy,E106,2026-07-01,60,Male,Secondary,Employed,4,48,19942,False,
REC_00315,PLFS_2026,Chennai,E102,2026-07-01,45,Female,Graduate,Self-Employed,3,113,28934,True,planted_hours_spike
REC_00316,PLFS_2026,Trichy,E108,2026-07-01,51,Female,Graduate,Employed,5,43,32299,False,
REC_00317,PLFS_2026,Chennai,E101,2026-07-01,35,Female,Graduate,Employed,4,41,26982,False,
REC_00318,PLFS_2026,Trichy,E107,2026-07-01,54,Female,Post Graduate,Employed,4,46,27001,False,
REC_00319,PLFS_2026,Coimbatore,E105,2026-07-01,34,Male,Graduate,Self-Employed,3,97,28121,True,planted_hours_spike
REC_00320,PLFS_2026,Salem,E106,2026-07-01,32,Female,Secondary,Employed,4,96,61941,True,planted_combo_anomaly
REC_00321,PLFS_2026,Chennai,E107,2026-07-01,33,Female,Post Graduate,Employed,4,54,39951,False,
REC_00322,PLFS_2026,Coimbatore,E108,2026-07-01,30,Female,Secondary,Employed,4,58,21300,False,
REC_00323,PLFS_2026,Coimbatore,E104,2026-07-01,44,Female,Post Graduate,Employed,4,56,150028,True,planted_income_spike
REC_00324,PLFS_2026,Salem,E102,2026-07-01,44,Female,Secondary,Employed,5,36,107435,True,planted_income_spike
REC_00325,PLFS_2026,Salem,E105,2026-07-01,39,Female,Post Graduate,Employed,4,40,44276,False,
REC_00326,PLFS_2026,Salem,E107,2026-07-01,18,Male,Higher Secondary,Self-Employed,3,41,14800,False,
REC_00327,PLFS_2026,Salem,E105,2026-07-01,55,Female,Higher Secondary,Self-Employed,2,40,25995,False,
REC_00328,PLFS_2026,Salem,E102,2026-07-01,45,Male,Post Graduate,Employed,2,50,40202,False,
REC_00329,PLFS_2026,Salem,E105,2026-07-01,65,Female,Secondary,Employed,4,43,14916,False,
REC_00330,PLFS_2026,Salem,E107,2026-07-01,29,Male,Secondary,Employed,2,55,18064,False,
REC_00331,PLFS_2026,Trichy,E106,2026-07-01,44,Male,Post Graduate,Unemployed,5,0,0,False,
REC_00332,PLFS_2026,Madurai,E105,2026-07-01,38,Male,Below Primary,Self-Employed,4,38,10187,False,
REC_00333,PLFS_2026,Trichy,E108,2026-07-01,43,Male,Below Primary,Self-Employed,7,53,15037,False,
REC_00334,PLFS_2026,Chennai,E108,2026-07-01,35,Female,Secondary,Employed,3,38,16242,False,
REC_00335,PLFS_2026,Coimbatore,E106,2026-07-01,18,Male,Secondary,Employed,3,40,17368,False,
REC_00336,PLFS_2026,Chennai,E101,2026-07-01,39,Female,Higher Secondary,Employed,4,44,19441,False,
REC_00337,PLFS_2026,Chennai,E103,2026-07-01,18,Male,Post Graduate,Employed,3,37,41542,False,
REC_00338,PLFS_2026,Chennai,E103,2026-07-01,48,Female,Below Primary,Employed,5,51,11679,False,
REC_00339,PLFS_2026,Chennai,E104,2026-07-01,31,Female,Higher Secondary,Self-Employed,3,32,26364,False,
REC_00340,PLFS_2026,Salem,E107,2026-07-01,35,Female,Graduate,Self-Employed,2,38,23144,False,
REC_00341,PLFS_2026,Trichy,E107,2026-07-01,38,Male,Post Graduate,Unemployed,5,0,0,False,
REC_00342,PLFS_2026,Chennai,E105,2026-07-01,35,Female,Secondary,Employed,3,43,15741,False,
REC_00343,PLFS_2026,Salem,E107,2026-07-01,40,Male,Below Primary,Employed,4,44,12990,False,
REC_00344,PLFS_2026,Trichy,E106,2026-07-01,32,Male,Higher Secondary,Self-Employed,3,56,122584,True,planted_income_spike
REC_00345,PLFS_2026,Madurai,E103,2026-07-01,47,Male,Secondary,Employed,5,106,21342,True,planted_hours_spike
REC_00346,PLFS_2026,Salem,E107,2026-07-01,19,Male,Below Primary,Employed,4,43,16026,False,
REC_00347,PLFS_2026,Coimbatore,E107,2026-07-01,49,Female,Post Graduate,Self-Employed,3,47,39274,False,
REC_00348,PLFS_2026,Chennai,E106,2026-07-01,43,Male,Post Graduate,Self-Employed,2,47,36266,False,
REC_00349,PLFS_2026,Coimbatore,E101,2026-07-01,41,Male,Graduate,Employed,3,40,34573,False,
REC_00350,PLFS_2026,Salem,E102,2026-07-01,25,Male,Higher Secondary,Employed,2,98,18603,True,planted_hours_spike
REC_00351,PLFS_2026,Madurai,E104,2026-07-01,27,Female,Below Primary,Employed,4,32,9580,False,
REC_00352,PLFS_2026,Trichy,E105,2026-07-01,62,Female,Secondary,Employed,4,39,19505,False,
REC_00353,PLFS_2026,Salem,E103,2026-07-01,44,Male,Post Graduate,Self-Employed,5,43,45421,False,
REC_00354,PLFS_2026,Trichy,E104,2026-07-01,18,Male,Secondary,Employed,2,96,89694,True,planted_combo_anomaly
REC_00355,PLFS_2026,Madurai,E101,2026-07-01,27,Male,Secondary,Employed,4,40,17002,False,
REC_00356,PLFS_2026,Coimbatore,E108,2026-07-01,50,Female,Graduate,Employed,5,37,22079,False,
REC_00357,PLFS_2026,Chennai,E108,2026-07-01,33,Male,Graduate,Unemployed,3,0,0,False,
REC_00358,PLFS_2026,Salem,E106,2026-07-01,42,Male,Secondary,Employed,4,34,22202,False,
REC_00359,PLFS_2026,Salem,E104,2026-07-01,18,Male,Secondary,Unemployed,5,105,81704,True,planted_combo_anomaly
REC_00360,PLFS_2026,Madurai,E104,2026-07-01,53,Female,Secondary,Employed,3,92,64656,True,planted_combo_anomaly
REC_00361,PLFS_2026,Trichy,E101,2026-07-01,65,Male,Secondary,Unemployed,5,0,0,False,
REC_00362,PLFS_2026,Madurai,E105,2026-07-01,39,Female,Below Primary,Employed,2,98,45926,True,planted_combo_anomaly
REC_00363,PLFS_2026,Trichy,E108,2026-07-01,24,Male,Graduate,Unemployed,4,0,0,False,
REC_00364,PLFS_2026,Coimbatore,E106,2026-07-01,27,Male,Higher Secondary,Employed,4,51,21766,False,
REC_00365,PLFS_2026,Salem,E104,2026-07-01,33,Female,Secondary,Self-Employed,4,50,14014,False,
REC_00366,PLFS_2026,Coimbatore,E103,2026-07-01,41,Male,Secondary,Employed,5,49,18207,False,
REC_00367,PLFS_2026,Trichy,E101,2026-07-01,45,Female,Graduate,Employed,4,51,16665,False,
REC_00368,PLFS_2026,Trichy,E105,2026-07-01,19,Male,Secondary,Employed,5,32,19445,False,
REC_00369,PLFS_2026,Madurai,E108,2026-07-01,33,Male,Secondary,Employed,2,47,18723,False,
REC_00370,PLFS_2026,Chennai,E102,2026-07-01,63,Female,Post Graduate,Employed,3,112,140345,True,planted_combo_anomaly
REC_00371,PLFS_2026,Trichy,E107,2026-07-01,30,Male,Below Primary,Employed,5,49,12086,False,
REC_00372,PLFS_2026,Chennai,E108,2026-07-01,41,Male,Secondary,Employed,3,38,20733,False,
REC_00373,PLFS_2026,Salem,E102,2026-07-01,35,Female,Higher Secondary,Employed,3,47,23167,False,
REC_00374,PLFS_2026,Salem,E102,2026-07-01,20,Male,Graduate,Self-Employed,5,97,98253,True,planted_combo_anomaly
REC_00375,PLFS_2026,Trichy,E108,2026-07-01,43,Male,Higher Secondary,Self-Employed,4,51,24367,False,
REC_00376,PLFS_2026,Madurai,E103,2026-07-01,46,Male,Graduate,Unemployed,5,0,0,False,
REC_00377,PLFS_2026,Salem,E107,2026-07-01,24,Male,Secondary,Unemployed,6,0,0,False,
REC_00378,PLFS_2026,Chennai,E104,2026-07-01,18,Female,Higher Secondary,Employed,4,46,15333,False,
REC_00379,PLFS_2026,Chennai,E105,2026-07-01,43,Female,Post Graduate,Employed,3,66,33672,False,
REC_00380,PLFS_2026,Salem,E101,2026-07-01,32,Male,Secondary,Employed,2,55,16658,False,
REC_00381,PLFS_2026,Salem,E107,2026-07-01,29,Female,Below Primary,Unemployed,4,0,0,False,
REC_00382,PLFS_2026,Salem,E104,2026-07-01,59,Female,Graduate,Employed,4,50,32872,False,
REC_00383,PLFS_2026,Madurai,E107,2026-07-01,58,Male,Secondary,Self-Employed,5,48,21254,False,
REC_00384,PLFS_2026,Trichy,E106,2026-07-01,27,Female,Secondary,Employed,5,36,16678,False,
REC_00385,PLFS_2026,Coimbatore,E108,2026-07-01,18,Female,Post Graduate,Employed,4,100,46444,True,planted_hours_spike
REC_00386,PLFS_2026,Coimbatore,E106,2026-07-01,42,Male,Below Primary,Unemployed,5,95,53403,True,planted_combo_anomaly
REC_00387,PLFS_2026,Madurai,E105,2026-07-01,63,Female,Graduate,Employed,4,51,28949,False,
REC_00388,PLFS_2026,Madurai,E106,2026-07-01,31,Female,Secondary,Employed,4,32,16496,False,
REC_00389,PLFS_2026,Coimbatore,E103,2026-07-01,18,Female,Secondary,Employed,3,99,19819,True,planted_hours_spike
REC_00390,PLFS_2026,Salem,E105,2026-07-01,38,Male,Post Graduate,Employed,4,29,35168,False,
REC_00391,PLFS_2026,Madurai,E104,2026-07-01,29,Male,Post Graduate,Self-Employed,3,49,31460,False,
REC_00392,PLFS_2026,Chennai,E101,2026-07-01,30,Male,Secondary,Employed,1,42,14083,False,
REC_00393,PLFS_2026,Chennai,E103,2026-07-01,38,Male,Secondary,Self-Employed,2,45,17479,False,
REC_00394,PLFS_2026,Salem,E105,2026-07-01,58,Male,Higher Secondary,Employed,4,30,16434,False,
REC_00395,PLFS_2026,Coimbatore,E107,2026-07-01,38,Female,Below Primary,Employed,2,21,15238,False,
REC_00396,PLFS_2026,Trichy,E102,2026-07-01,46,Male,Graduate,Employed,4,103,30394,True,planted_hours_spike
REC_00397,PLFS_2026,Chennai,E101,2026-07-01,29,Male,Post Graduate,Self-Employed,4,37,49523,False,
REC_00398,PLFS_2026,Coimbatore,E108,2026-07-01,19,Female,Post Graduate,Employed,5,45,34280,False,
REC_00399,PLFS_2026,Coimbatore,E107,2026-07-01,40,Female,Below Primary,Employed,4,55,12751,False,
REC_00400,PLFS_2026,Madurai,E104,2026-07-01,27,Male,Below Primary,Unemployed,4,0,0,False,
REC_00401,PLFS_2026,Coimbatore,E103,2026-07-01,48,Male,Higher Secondary,Unemployed,5,0,92637,True,planted_income_spike
REC_00402,PLFS_2026,Trichy,E105,2026-07-01,32,Male,Higher Secondary,Unemployed,2,0,0,False,
REC_00403,PLFS_2026,Trichy,E102,2026-07-01,25,Female,Secondary,Self-Employed,3,64,18490,False,
REC_00404,PLFS_2026,Coimbatore,E105,2026-07-01,42,Male,Post Graduate,Unemployed,2,0,0,False,
REC_00405,PLFS_2026,Chennai,E101,2026-07-01,55,Female,Graduate,Employed,4,95,122538,True,planted_combo_anomaly
REC_00406,PLFS_2026,Chennai,E101,2026-07-01,30,Male,Secondary,Employed,5,39,87478,True,planted_income_spike
REC_00407,PLFS_2026,Madurai,E102,2026-07-01,43,Female,Secondary,Employed,1,107,86369,True,planted_combo_anomaly
REC_00408,PLFS_2026,Chennai,E106,2026-07-01,51,Male,Graduate,Self-Employed,3,27,30104,False,
REC_00409,PLFS_2026,Trichy,E103,2026-07-01,31,Male,Below Primary,Employed,2,58,12257,False,
REC_00410,PLFS_2026,Trichy,E107,2026-07-01,34,Female,Graduate,Self-Employed,3,32,20694,False,
REC_00411,PLFS_2026,Madurai,E103,2026-07-01,53,Male,Post Graduate,Unemployed,3,0,0,False,
REC_00412,PLFS_2026,Coimbatore,E104,2026-07-01,22,Male,Post Graduate,Employed,4,48,51325,False,
REC_00413,PLFS_2026,Chennai,E107,2026-07-01,54,Female,Below Primary,Employed,3,48,11240,False,
REC_00414,PLFS_2026,Trichy,E105,2026-07-01,62,Male,Below Primary,Self-Employed,5,46,12480,False,
REC_00415,PLFS_2026,Madurai,E103,2026-07-01,55,Male,Secondary,Self-Employed,4,57,10102,False,
REC_00416,PLFS_2026,Trichy,E103,2026-07-01,43,Male,Higher Secondary,Self-Employed,3,59,28804,False,
REC_00417,PLFS_2026,Coimbatore,E102,2026-07-01,38,Male,Graduate,Self-Employed,5,59,28416,False,
REC_00418,PLFS_2026,Coimbatore,E108,2026-07-01,65,Female,Higher Secondary,Self-Employed,3,43,25809,False,
REC_00419,PLFS_2026,Madurai,E101,2026-07-01,33,Male,Higher Secondary,Employed,4,56,22084,False,
REC_00420,PLFS_2026,Chennai,E103,2026-07-01,18,Female,Graduate,Employed,4,39,32845,False,
REC_00421,PLFS_2026,Trichy,E102,2026-07-01,46,Male,Post Graduate,Unemployed,5,0,0,False,
REC_00422,PLFS_2026,Salem,E108,2026-07-01,29,Male,Secondary,Unemployed,5,0,0,False,
REC_00423,PLFS_2026,Coimbatore,E106,2026-07-01,59,Female,Secondary,Unemployed,3,0,0,False,
REC_00424,PLFS_2026,Salem,E102,2026-07-01,46,Female,Post Graduate,Employed,5,37,41302,False,
REC_00425,PLFS_2026,Trichy,E103,2026-07-01,29,Male,Post Graduate,Employed,2,37,32293,False,
REC_00426,PLFS_2026,Coimbatore,E101,2026-07-01,44,Male,Post Graduate,Self-Employed,5,33,40674,False,
REC_00427,PLFS_2026,Chennai,E108,2026-07-01,23,Female,Secondary,Self-Employed,4,40,14215,False,
REC_00428,PLFS_2026,Coimbatore,E107,2026-07-01,47,Male,Graduate,Employed,3,42,15568,False,
REC_00429,PLFS_2026,Coimbatore,E108,2026-07-01,49,Female,Higher Secondary,Unemployed,5,111,0,True,planted_hours_spike
REC_00430,PLFS_2026,Trichy,E106,2026-07-01,52,Female,Graduate,Employed,3,41,40947,False,
REC_00431,PLFS_2026,Trichy,E104,2026-07-01,29,Female,Below Primary,Employed,4,49,12936,False,
REC_00432,PLFS_2026,Madurai,E105,2026-07-01,41,Female,Secondary,Employed,4,47,17813,False,
REC_00433,PLFS_2026,Trichy,E102,2026-07-01,56,Male,Higher Secondary,Employed,2,53,120578,True,planted_income_spike
REC_00434,PLFS_2026,Madurai,E107,2026-07-01,46,Female,Secondary,Employed,5,44,11271,False,
REC_00435,PLFS_2026,Chennai,E103,2026-07-01,37,Female,Below Primary,Employed,2,39,9018,False,
REC_00436,PLFS_2026,Salem,E101,2026-07-01,32,Male,Higher Secondary,Employed,3,117,25080,True,planted_hours_spike
REC_00437,PLFS_2026,Trichy,E102,2026-07-01,64,Male,Below Primary,Employed,4,129,11868,True,planted_hours_spike
REC_00438,PLFS_2026,Trichy,E104,2026-07-01,32,Female,Higher Secondary,Self-Employed,4,44,18299,False,
REC_00439,PLFS_2026,Chennai,E106,2026-07-01,58,Male,Below Primary,Employed,2,50,11757,False,
REC_00440,PLFS_2026,Coimbatore,E106,2026-07-01,60,Male,Below Primary,Unemployed,4,111,45369,True,planted_combo_anomaly
REC_00441,PLFS_2026,Coimbatore,E102,2026-07-01,38,Male,Below Primary,Self-Employed,2,38,7716,False,
REC_00442,PLFS_2026,Salem,E107,2026-07-01,26,Female,Post Graduate,Employed,4,47,22957,False,
REC_00443,PLFS_2026,Coimbatore,E105,2026-07-01,36,Female,Below Primary,Unemployed,4,0,0,False,
REC_00444,PLFS_2026,Trichy,E108,2026-07-01,33,Male,Below Primary,Employed,3,39,12417,False,
REC_00445,PLFS_2026,Madurai,E107,2026-07-01,65,Male,Below Primary,Employed,3,42,11875,False,
REC_00446,PLFS_2026,Salem,E105,2026-07-01,29,Female,Secondary,Unemployed,5,0,0,False,
REC_00447,PLFS_2026,Chennai,E107,2026-07-01,47,Female,Graduate,Employed,3,38,30468,False,
REC_00448,PLFS_2026,Coimbatore,E106,2026-07-01,48,Female,Secondary,Self-Employed,4,38,19642,False,
REC_00449,PLFS_2026,Madurai,E102,2026-07-01,33,Female,Graduate,Employed,4,56,13408,False,
REC_00450,PLFS_2026,Coimbatore,E103,2026-07-01,39,Male,Post Graduate,Employed,1,64,34442,False,
REC_00451,PLFS_2026,Madurai,E104,2026-07-01,46,Female,Graduate,Self-Employed,3,38,22836,False,
REC_00452,PLFS_2026,Salem,E108,2026-07-01,57,Female,Higher Secondary,Employed,5,60,22243,False,
REC_00453,PLFS_2026,Salem,E106,2026-07-01,41,Female,Higher Secondary,Employed,3,42,17415,False,
REC_00454,PLFS_2026,Madurai,E104,2026-07-01,39,Female,Below Primary,Self-Employed,2,48,12408,False,
REC_00455,PLFS_2026,Salem,E106,2026-07-01,41,Male,Below Primary,Employed,6,44,13816,False,
REC_00456,PLFS_2026,Trichy,E101,2026-07-01,62,Male,Graduate,Employed,5,54,164255,True,planted_income_spike
REC_00457,PLFS_2026,Chennai,E108,2026-07-01,40,Male,Graduate,Employed,2,48,29536,False,
REC_00458,PLFS_2026,Coimbatore,E105,2026-07-01,38,Male,Post Graduate,Employed,5,35,50424,False,
REC_00459,PLFS_2026,Salem,E106,2026-07-01,48,Male,Secondary,Employed,3,43,19730,False,
REC_00460,PLFS_2026,Salem,E103,2026-07-01,56,Female,Secondary,Unemployed,4,0,0,False,
REC_00461,PLFS_2026,Salem,E102,2026-07-01,59,Female,Graduate,Employed,3,44,36195,False,
REC_00462,PLFS_2026,Chennai,E108,2026-07-01,39,Female,Below Primary,Employed,5,37,11507,False,
REC_00463,PLFS_2026,Chennai,E106,2026-07-01,55,Male,Higher Secondary,Employed,3,43,23129,False,
REC_00464,PLFS_2026,Salem,E105,2026-07-01,26,Female,Secondary,Employed,3,45,18168,False,
REC_00465,PLFS_2026,Madurai,E105,2026-07-01,53,Female,Below Primary,Self-Employed,6,38,12267,False,
REC_00466,PLFS_2026,Coimbatore,E102,2026-07-01,46,Female,Secondary,Employed,5,50,19047,False,
REC_00467,PLFS_2026,Trichy,E104,2026-07-01,45,Male,Graduate,Employed,4,37,113557,True,planted_income_spike
REC_00468,PLFS_2026,Chennai,E104,2026-07-01,55,Male,Secondary,Employed,3,46,17126,False,
REC_00469,PLFS_2026,Trichy,E103,2026-07-01,18,Male,Post Graduate,Employed,4,47,34105,False,
REC_00470,PLFS_2026,Trichy,E103,2026-07-01,24,Male,Higher Secondary,Self-Employed,2,51,30679,False,
REC_00471,PLFS_2026,Coimbatore,E108,2026-07-01,54,Female,Secondary,Employed,2,51,15612,False,
REC_00472,PLFS_2026,Chennai,E106,2026-07-01,31,Female,Higher Secondary,Employed,3,50,26220,False,
REC_00473,PLFS_2026,Madurai,E106,2026-07-01,36,Female,Post Graduate,Employed,3,48,42316,False,
REC_00474,PLFS_2026,Trichy,E102,2026-07-01,52,Male,Higher Secondary,Employed,2,45,17300,False,
REC_00475,PLFS_2026,Coimbatore,E108,2026-07-01,37,Female,Secondary,Employed,3,44,15120,False,
REC_00476,PLFS_2026,Coimbatore,E102,2026-07-01,20,Male,Post Graduate,Unemployed,1,119,0,True,planted_hours_spike
REC_00477,PLFS_2026,Coimbatore,E105,2026-07-01,29,Male,Below Primary,Employed,5,38,15400,False,
REC_00478,PLFS_2026,Trichy,E106,2026-07-01,57,Male,Post Graduate,Self-Employed,1,45,34962,False,
REC_00479,PLFS_2026,Salem,E103,2026-07-01,18,Male,Post Graduate,Employed,2,51,53345,False,
REC_00480,PLFS_2026,Trichy,E105,2026-07-01,48,Male,Higher Secondary,Employed,4,44,29403,False,
REC_00481,PLFS_2026,Trichy,E105,2026-07-01,63,Female,Post Graduate,Employed,3,29,22053,False,
REC_00482,PLFS_2026,Madurai,E106,2026-07-01,53,Female,Higher Secondary,Unemployed,3,0,0,False,
REC_00483,PLFS_2026,Trichy,E106,2026-07-01,28,Male,Post Graduate,Unemployed,3,0,0,False,
REC_00484,PLFS_2026,Trichy,E101,2026-07-01,25,Male,Graduate,Unemployed,2,0,0,False,
REC_00485,PLFS_2026,Coimbatore,E102,2026-07-01,45,Female,Below Primary,Employed,2,128,10744,True,planted_hours_spike
REC_00486,PLFS_2026,Salem,E105,2026-07-01,27,Male,Higher Secondary,Self-Employed,4,71,25058,False,
REC_00487,PLFS_2026,Madurai,E107,2026-07-01,65,Male,Post Graduate,Self-Employed,4,39,40644,False,
REC_00488,PLFS_2026,Trichy,E102,2026-07-01,59,Male,Secondary,Employed,6,40,18911,False,
REC_00489,PLFS_2026,Salem,E107,2026-07-01,20,Male,Below Primary,Employed,5,57,12095,False,
REC_00490,PLFS_2026,Trichy,E108,2026-07-01,29,Male,Higher Secondary,Self-Employed,4,48,22357,False,
REC_00491,PLFS_2026,Salem,E101,2026-07-01,40,Male,Post Graduate,Unemployed,3,0,0,False,
REC_00492,PLFS_2026,Trichy,E103,2026-07-01,26,Female,Graduate,Employed,2,42,32126,False,
REC_00493,PLFS_2026,Salem,E106,2026-07-01,39,Female,Graduate,Employed,3,47,26147,False,
REC_00494,PLFS_2026,Madurai,E106,2026-07-01,48,Female,Post Graduate,Employed,4,42,39759,False,
REC_00495,PLFS_2026,Chennai,E108,2026-07-01,53,Male,Higher Secondary,Employed,3,48,21689,False,
REC_00496,PLFS_2026,Coimbatore,E101,2026-07-01,43,Male,Post Graduate,Employed,3,45,224059,True,planted_income_spike
REC_00497,PLFS_2026,Trichy,E103,2026-07-01,26,Female,Higher Secondary,Employed,2,34,16849,False,
REC_00498,PLFS_2026,Salem,E106,2026-07-01,45,Female,Below Primary,Employed,2,42,13483,False,
REC_00499,PLFS_2026,Trichy,E106,2026-07-01,42,Male,Post Graduate,Unemployed,3,0,0,False,
